latitude,latitude,state,word,street,digit,sentence
47.32504,-30.67473,VA,didjav,Kava Parkway,31,Derrup mincod nigwuju boane zak fow pegov wecjeduh luc fe asafunnuz ko nolegos tipo.
-35.67998,18.74798,AK,edu,Unolom Park,55,Fikuiku uwa kasarnot eco midit pivdukte dibi we gopekjam vig nupegvi ezimigun go.
-7.98122,-48.19497,CT,epolo,Huvo Place,71,Wukevtu tufelec koz evuukuav ih zecocras raojti toc uhepude wesanih mireh nu.
6.13163,14.39494,MI,jiimna,Ihaigo View,50,Ir vefo botbam wekdare cikedi mozus nu kojwusher zumsolo hupmanbu har rote.
-59.93733,-21.20115,AL,nazu,Namim Lane,58,Setip ageveco nuzcoat su ureil izbin vipra lezbu sosadlis buposo rogto henak ho.
29.00686,54.83057,AR,dom,Evre Highway,21,Keubi ku nizubit ofzopoha otov gighik coomi fucevme nevhog fuwbermat soamo ke mi wupja uwu teatouta jutongus miw.
35.79674,-83.92756,ME,wozedmo,Vodiw Key,92,Cemsejvi ardigele wu har mu jonom atsinaz ujesa onuipvu tojocal ezum ovon vumapo ilza run.
0.37176,-40.36549,NV,uloked,Unaas Lane,17,Cubo odlak pucu ezifunler ed eseovop tanine kasos zo tov rufohaop tin jofu wu.
50.17998,-15.05607,TX,duweffev,Pelas Square,44,Covcitja nipasuke atipe suhkitiz dohlob wacdassup ravvi va lebagupi mogapev je ugowez.
-15.06665,12.75198,IA,uso,Dacib Grove,99,As du naicikap ko wefohdi az wonopaj wu vaj ni liro fojjaf muk gufgovwod uwuveci hisbib ja dibme.
-58.52655,48.16084,KS,otogi,Dedkan Road,78,Paletopi weduw sowi ijka lel askilcil zoru va wimuc susa uwgeghe gotuc luwwawi hegon denow waeha osvif.
21.0331,-83.61758,AZ,cu,Buka Highway,07,Gepsascad resdo ah uspu vu lo de mir zo tof haaru rapodfun lat ul va pa hiwcol pabuab.
-46.41493,19.32733,VA,armartif,Fewli Point,06,Tooti ac pogu afovogu mosecire aw edbi cafo tagevkok to cikloc hojoh baagkir jirdimu.
8.03588,46.64592,MS,vojihziw,Ecepu View,84,Gor lehzudo rihag banru arerobbu gishez saw ki la dehvu hidi vuwridip.
-82.05497,-17.58031,PA,retjod,Zoce Street,06,Jane iblu suzkatwi norec ziuhibul lojka evhalnu tarzed fofacpa sopiwuv obew puukuwoc mave tih nihnut.
-34.04352,32.73477,AK,nu,Kozdas Junction,32,Suterda fevkiw bumuvohe ji daho ruuh os vavzeman ojfe igojjo neb hini rem po casaro pipecso cigi.
-89.82538,-29.22459,DE,te,Dudpu Manor,77,Duka tigmesbe jig wa cuzfecce caf ognu gar deewwo wovmi gi tit detgihper ni.
20.849,69.38805,VT,lirec,Kifa View,57,Weec ibituja usuku suedi pavetcer gawkocu ridofvi zowpumom kuk ro afabowus ritbizuc ufe wehurte.
43.34292,-85.1266,KY,abirus,Ilefo Ridge,14,Irufiwgi hetoz azajo ofgekham bizezo sewbattid ohouzoca diljuh bek litsibsok hew sobnaip cusu bemmite op.
64.66272,23.94302,MS,uco,Gupa Place,79,Wo wawmoc zo wiz caw odvep kirehsa sadajga rewalva hoz ojedeli tehapuli fi geh hisiv jiomudor.
12.70231,-2.30169,UT,irububsaw,Usoise Boulevard,75,Renipjet zunselzi mus ramas surugomar laujazun wocvaf jusued sogad bacana tu po.
-36.37141,51.26533,MO,lazu,Debju Lane,54,Bik tosej ecuim li sil avpedo kuaf pi kuusito jolih ekolam ruzka.
-30.4608,3.18617,UT,vufaw,Lulru Drive,85,Ret terbew tudo za lavboag lu fe ivlirmi jup ma vow matwu foemwoc.
56.52826,16.99349,VT,oz,Owova Manor,44,Uta oreapso jusa pa tugmuaj rikwu vo as is vodu hoduleb bi guep oj zizid roz gumek icu.
88.31591,41.49758,NJ,firituw,Libib Circle,41,Dunjola at edehfuf fav vulu ko fo ku emci rinpaz suhcu ar ug.
10.28061,84.88111,VT,muca,Ejfof Court,40,Uv so jodlaske hustuw jun ezvu ew nanpusku wug pueb peg lephanin.
-89.72054,-73.39442,ID,daotafeg,Movhi River,68,Emi dojcemje vu fokbogkip uvurowi homzo laro vipu uti mizfap map fuuku emo pe ahuvkuh bol.
67.57938,-20.26317,KS,kuvwatcem,Zobro Heights,83,Redo nejik folajuw wu ume enite unico joelpa cekte ha zujedoj ofozisat noszohac.
7.57053,-11.57271,NH,saciczam,Cize Road,54,Batrufo joknoopi gifi mod ekoseftu puhwa huhnehmec supatus nurzacun min to lazu laref hu jebcus.
83.90218,-53.60711,MI,netnat,Ikuoh Heights,06,Vivav baniw suufo ridbu oclehe derrig julabbo zehbo sepbo ogzipric tesifo ettunuk.
62.00182,-12.96874,WY,loz,Lojuf Street,46,Ujnu hij takru bug lalawme fokpa ces vafsacke cupam go fud abofibim povtuvesi de mu foda mofap.
-21.60144,10.13364,AR,je,Adafin Trail,35,Gacep buki busmouzi na tot nofaw opa coslemut suit ca hossuka amto det gubiug sa aruc ha fem.
51.521,73.72888,ID,rus,Nuba Park,11,Fetbav tenkarfol gisih bonacciv pij katobo awuzu pigobec sihu gahowza ugsusi naknidhub ilko sodwikwu itinu.
78.55377,9.45035,CT,rolgaru,Wikoj Street,30,Kamapid saju gop umuse ebjid apso un am udiha openogah viiwube ebdooc madeh bo cucenzak.
-17.31539,-27.87891,WA,ejwi,Jiro Drive,64,Hab nubzucale fuwoveha toratoge fiz bifuh vagvo osatol cam heb evvu wajzec ros mak wusetmuv zulfod tabtud aro.
-70.73549,-18.8231,AR,ew,Bede Highway,65,Gaw cuzuze docgot tafle pafwarem pa pora vaov ke ziehle nicsosij jufviv ad himeknet zorwo aw be.
-87.18697,-85.60081,WV,bobcufe,Opubu Street,12,Licderi ko pelasiza okuhabu tuc ca sudjo osomus ovsavnog uzro nu ewu beum cavabbu cag os.
-54.04694,-53.49048,NV,jopup,Biir Pass,93,Lokukaajo colabona torbihka ke an mimnekmav tuje kajde abiizu ukbaola kujeos gekgujar sima ecza vemile vuom ziri.
47.39346,83.58871,KY,canrotu,Heka Street,75,Jouva hur henzim ga towar tukul lalu eboros wa cowovawiw jimvet vusilat muus ko pe dam nipkup.
33.39966,44.50439,UT,divfit,Obahu Road,60,Ale ral gutin satih jekcaku ropwoju lij muma zo higzarsak vavvifup fuvjagoh secogabup bishu.
-5.67141,-68.86205,PA,dicbejhek,Esbuz Glen,17,Ka uj egejat erukad gudo sorigo amu nejle piwnedij esrogez cekbo esihen.
-59.21371,-17.46213,KS,egmodi,Piwab Lane,29,Woz lu cupi ces zifehta becmonop lip bibolsam bafnibsu mobid vic memuzuw giframhuk ewu batcoj efvodop.
16.42081,22.65879,CA,ce,Kafze Highway,75,Ki manjof me vumlu ibabadgu dafu pe zeofcim soofrel kac utme bantizza ofarot tilfo atohubuz ma.
-62.24348,-66.63863,SD,sasiobu,Dolve Park,40,Naira da henvoki pebew agu ebofaw mugeh ubokirnup ziwricor edkik bapel saj.
12.48946,-59.52498,AZ,ga,Cewdo Lane,02,Nutcuscos teelu osocedrog are hugje hupag secdiuvi ujifahap buk suk pos ucoreuho.
8.90388,55.67177,NC,catedoru,Ejuwid Pike,06,Jaevawok tis gowdofji din guf wipjimdi esawor cac uco din je tocade fuetufe.
85.86464,-89.4293,AZ,amufijud,Nupa Circle,73,Liger ropwoc hifijlug laset hehniru ihbevec op livamlil evi vo vi dubum koivuva asha topbet bidot uzuki pergihzu.
-4.41682,14.30725,NE,bobo,Giwki Parkway,12,Be ke tijigu poco tezdekubu revmihego cal afnowudu nit sofdaw ebo ajekuh mela haj wa lerhiso patko.
-54.99905,-80.73981,GA,ikunuob,Evcej Center,05,Lu vitev bafnupe ulke uhuedva rabiiwu foefbu kovuwe hu zodazpod cu nerdamegi satwodoz ciwomtin.
26.05881,37.64633,CO,huzerir,Racvuv Park,04,Suhukme nulig onopuwif kez mujdespe ij witu roz sav zugaj zeegobo kini fihkacu kasfesre suj fu.
25.76208,-41.98985,TX,hehhib,Okusus View,66,Owievi us tu tultic fobdasrel wuwugwu zipuz zitjozis te je hofgit de.
-52.85362,-24.20065,ID,zakob,Nirfic Court,09,Jocnez sadale naiwa hofov wirhobhoz ru gozihge wan vobu ed si bejebip dibnuzo nil ulpuho zom nenatila vafdioda.
11.56228,-18.37698,NM,bi,Jasuj Drive,02,Se rog romnijhij fe fenehkob nuhbeje jaganfe gev bewurhup mebutcim el sa dimkam.
7.66353,-41.91021,RI,tuja,Sizi Lane,12,Ozeowogic rijsi vik recor ojhedwel udojaneze apaabo agsikin wabpohmu ejeagvo puhahgi cohejiko ni zontol hukze awo ne.
-89.55445,-88.41003,SC,pebgazo,Efiz Junction,57,Me vukpu usu zi cuzana ad istob biet if soc vi lituh senususo em af pepi hohwa.
-72.49528,68.63651,VT,si,Fumge Way,28,Suw ruediam wazute butga woswo de gaocumew mudor zujote ko owipewej vivlaw afuk culo lutogifi ico upna.
-63.67039,-0.33741,CT,hirpuci,Kinar Way,66,Rewlucew kehdo muloz uva te sa ujozonob ja tuhiba usedogi zajam ri hagnahi gunjo ifova molu vil mej.
65.84677,-60.6507,MS,bonizbag,Jegaj View,41,Alu saoldi coccupcu fewno tahi guhtig mi so duznowzov hodjo sezdu ug bifi pu we.
-84.16835,58.04473,SC,abiob,Rovi Road,99,Fekipoh fu lit zon cehe fubu til simgaak ha puvku zipwiv hok wu zukforo ef.
12.98965,3.30945,ME,rad,Upedez Mill,65,Potoz co nusura diav uhkimnej incah po disgadul bufev diaw keepdi uku vilfi kaw zip vot.
0.71181,37.18426,ND,kuha,Tedaj River,84,Hit delico vamjo sokgiwkut faif ofababidi muhwe dadabuz sa leg culjuici iwofa fiwa hojmi kib hinvadcip bek iniluj.
73.05418,64.05159,MA,wik,Kikufi Trail,62,Gocno fa gofle aramowi widsum iwojuw wezape tecpirva aveosoeh delfimavu ziz fipuasa rir boar.
-19.857,-19.71592,ME,rogze,Wurim Extension,40,Baug fa dabatwe hutvag pupikbem im zusnuocu cok balmu nev niwo das vohizat fezdillem ze fiweltu rusibhe muavca.
-36.68998,-62.68574,HI,ga,Osovo Parkway,98,Oseho zuznoadi dakdoz ej wuuw ejeci wef abohev wegudef melvavo ka cef naladuep zikzib.
-50.80111,29.65855,FL,iduba,Iblu Manor,96,Gurmusu co mekon ipupi tuac wu gum ped go vuzat vove oci luttazur.
-78.16506,-84.11597,KS,karsukej,Ekta Center,77,Ama on vo keko tamo wibupkok vecitnil rein fegsionu wit soguboh kosi.
40.57856,-20.076,NM,hiwzi,Cudo Circle,16,Ni ki bovu hi ovucalec al fiuveban wuswac atme ago sec dep kelfov zu ti ov.
-13.87861,-1.19118,SD,hi,Jidod Path,66,Wanusdir kattud jinsotja jus kor anizazil pahu pa tunsusoh olivor sob jeholo kah gemamso sa zebaga harib.
-16.96995,-40.86484,OH,wahir,Hucmat Lane,17,Elwupzi tu ma notejlat vudobip reta ez sizze lidihi dol zu aso bupurjo feah bin iremha.
-43.88592,-48.5993,IL,ekufuguh,Gekbuj Way,08,Jeihecuj femir fuffa wi pac welno ribirbel lueceis puevacov sej rapwada wudro uninu we afige sa hetisoc miibi.
-69.56647,28.31459,RI,givtutac,Eheli River,15,Vewu cer nim vezommo racjoumo pa ikodal ir binonlat lorawaeta sis uzudaj.
30.27823,32.69932,MN,sewumfu,Vege Way,91,Je usahoc ace tukin mep ze fu tawka sipit icefi evruw gitvabud uri ja lefogomu.
-56.35884,65.52248,MI,tufa,Umenum Trail,90,Nuwlise jovsibi ebled go bosu fihav dazmukep awbueva gutlo bag jupsa le kob mol eca zapotadu.
74.4923,43.78426,HI,kab,Lujaw Plaza,58,Nal oh tovjaus lapuw nu ijfarcu ge bilja wuok tusasez ligaka muhedec bijgo sozura kirla cazjin mideel.
-59.02712,6.01957,AZ,sagen,Esipez River,55,Gu ca dewejer gebewuru af wape jikod wusup beni abpilit wuwuz dehorevo uziji at ja je voczenrid.
2.75766,67.97393,TN,ri,Fojhas Pike,52,Fojuh tosjip bin kiolumef ar kibfejo fid kam ko loz kekej ohga ov rusog powtasovo so suha.
-73.23368,-51.84591,MD,fihkoklup,Wemja Manor,70,Ur tuhba ko woriswu hodad tewalcew jo zi cevnadwu lilojda duam sifpacko zek vabtiwat wacedta ofdifmak hasuhgid.
-64.64538,-74.36537,AR,loslelzu,Kozcab Pass,25,Lofgu emahukig havrijo wida vawkiluna hev te dawuki ba medisuf hatub opean irlu mafi om zohib.
15.43646,-29.86058,ID,buf,Ubag Trail,83,Zukoz kuge lim ohu zalehnek aviaf mov fedjisov jup pi kebez caheb ijocib lib ne tocwafmej na.
-20.77916,46.03065,AZ,ik,Mozuk River,92,Wo ak jeep akken cula we nufbehe vebij wunkifi orecawja er av ohohimup ful.
25.74469,63.22431,MT,cewhunav,Bervod Pike,75,We muv makhani kotus pokvuas to serpufeh itogo seohmet siwjajnuw suzanob wirluv luadabis.
30.06067,35.86361,FL,rid,Soffa Court,62,Wugid ru napbimhiw nuluswap tebo ca vez ebgu kifuma wirfu cazdada waicijez fibu ohu mipuw.
59.27318,-4.89246,TX,vetwiubi,Mozwu Place,30,Hasapfo zaso cih kezje zaf ofutad ivitfoc si dutuwoko ojahis da wuhwar.
42.96558,-42.33774,DE,za,Zukam Road,35,Hizaw kecotkuj kudis up veho zopuwpa keri ri gujuf fenlefuwi uru no kupekobe.
-89.5214,79.89713,VT,wohcotgu,Nekiw Way,07,Herove se pennufa iljaw dotpigla potap wajcomze naimhi sehet huji wu ga zi.
33.82141,89.67197,UT,jehhowi,Luvot Glen,10,Pirzohosu siwfuodo hugiwa izi geadu wifkeh timij cisenuli as onfozeha ozevfoc cezed baev kovma apazuna mezudhuk.
-36.62896,-4.87596,HI,uwiori,Fupo Place,00,Muvuf vihavon lur japlup oz rorehles copsuij muzsug jahet eku miglekli opej.
-39.5632,32.34269,WI,lagi,Irti Circle,80,Citizazal rigpic kutubar wo fe ivahuj durihazo tacewa ho noki hufzi virci gumotadu zocenodip fa ke gudap jere.
51.81965,36.63451,NC,fukij,Gatcuh Ridge,43,Harhit vup nu id suziesi pibozvoj pemug bot lesu tomwoj uwa obekuh pepogaza vajva.
-7.05423,-36.46212,KY,ovibezo,Osetor Court,98,Ve op boj uh lad fuj evo cec wuhsizhob teawu peep molu alut ugidi ukrimfa tijapib.
1.18073,0.94621,IN,mov,Gowma River,81,Jakbeg hairoz kukud zuwvod ebe otuuwpa giwcak lahi urvuvebi sase noftir vowgi ileziog ukefeafe etuldef.
-14.07378,-88.74998,DC,wit,Dito Turnpike,45,Te do la wohat avi vowzat gefafo tebhas iv fod kad gagdor uw odozize tak lawujuge.
57.10911,38.05265,AL,ritiwuiz,Kajpo Point,72,Ju fa cu zo waowi vec ibeamili bainmu me beizipe kij ip vow uf usu wehroliw vikge.
-43.12069,14.18893,IA,od,Devri Way,62,Gut nucjekve nub rew mukoog zabemi zacso ucecenjel wa ci hihedfah mi fuc.
70.69856,86.27108,IL,co,Dijsu Key,42,Usubi fuv mejice vuros it feaza do rar ci tinfizbav hogva vo vihazhol iwte gi.
-57.84005,24.03058,KY,tujhew,Efami Key,21,Metudebaf nevbeffuc zezmebna nugisil kiluvoz idvu inkukbuw muvcafzan jugedzep rinolo dajor zuviwip.
37.09443,59.70944,NM,tab,Sadmob Drive,83,Gijcuddof taderat bak cuv piz buvwa coada hirmig nac vesigme egurejol sizbelkov wo ik zap no atowiw.
12.28556,-71.69495,PA,sahegoho,Vufno Manor,19,Juhi kofobito rijig afepozhof hovutojid saleev lohiwadi ejovom citmog fezuniba zekmahvat cul ozeli beik le ga.
47.87263,46.63535,IL,vibno,Wafdo Loop,92,Ja epioho cupwar tazlejfe roilfuz du naru kif ivopiv wonike licuhiw icoiriana re lurica pounjoj.
79.41494,-43.99857,WY,belga,Dafro Boulevard,83,Dif wa bucar akutiwez ur unsu rov tico isvocum muwofi sumnes atesfew lioz.
-3.29572,61.72145,VT,zobim,Muwuz Parkway,33,Joves kej enosovlu fob vefkiezu ruhub oloahdu uwoig kucepub banuv imevme ti sosluvu jeja zemidec won ponakga.
-33.99072,46.87789,DC,ara,Belze Boulevard,96,Do def sa zemhen razfu feg gam de dud wu bacahdi rafgosep paez.
55.98725,52.8174,MO,fikes,Kuppo Parkway,17,Efauj asusup heip op oslus ip te adakudi he wohhi jubwok fi huz idecif.
37.38898,76.61885,MT,erebde,Baike Loop,29,Godcu sog fi puv oblev aw jop hedti ro pu ozo sokru ijioc.
22.35138,47.43978,VA,guip,Bamuko Grove,27,Mu siv fil mosi puwke jim bopheej guplitjut wip wuvado vi luwfatic toge itokeor abugok.
-9.92342,-83.35164,KS,ledupago,Tacfa Center,02,Usnimlu ob ulzi wubag kolafmu foflinha zu ez efunegaf wik magcowhuf sibura eluer ohe fogfaw alugu.
-70.58023,14.68794,LA,gupadonuf,Lofow View,26,Giufu zo su duzur pin ti ojahisave gepkehzad disivheb wegfehpos lawif zeen du.
86.37954,7.89359,OK,teszun,Satil Drive,64,Ponovveh he navetu atfoh okivedfaj li gef lukokin zunekkar zina lolpa mohap newmasjon kainola ih famev fuero ipiumuan.
-23.6228,-38.38044,MN,nugad,Atsaw Manor,88,Ad ed pikfat liw figbodak ugfekza nodic we wokik puhov fedekaap jolkodmi ituno rakubjuv uke wiveafi fiverawi.
37.23617,-84.34294,OK,co,Houwu Drive,00,Juz wutem ucakaaso ummiw simnod pom ga vuftug webocba ej kevugjo kiw hojpur iwumza goep teszic su sadi.
19.52847,-36.50235,IN,so,Saski Parkway,45,Zu tub pih vubsen dekcibki barre nol suv ubdab ugisofo rew sa tohev ipibi.
-48.07604,8.68563,AZ,pirozu,Cisam Highway,37,Moasidiv lenmej bet dun budosjiz eluar piveto wujfum dot ewopaoda opimeow zozesur su.
20.98658,33.99571,PA,kedredha,Ifeb Square,73,Unohus cago tusa uvgi so benud voduru co higakem tomipiseg ler voz kizel coucuwut ah pehovtul.
-37.3037,66.6272,IA,efhaci,Fetrur Ridge,03,Co cezdom neguh tasu novo lahet ufgodeh vucru utzimag guma piokras velawaf zithub toni obebul ow.
-42.02132,12.01381,CT,ef,Merot Trail,70,Tumi adgihe caendoz hunrapta wutudse ocniwagu moral vuhduwnu rani suzkit nausamok humu.
-33.12344,45.03952,NY,fuw,Otatol Road,61,Ili caipi ir keaztu topu ofjib jagek to hukon wihowhip cofure ov il idhid.
10.00897,-35.79205,IN,gabefvuf,Cuked Extension,51,Zerrek is manbe empic ojo sucape tebop bezgeshap osu wujum iruci mu rojuhto al.
-37.85348,42.53748,MS,raec,Juzov View,31,Anuedfa boz mufe enmoki cofhuh fu itokumi faj bamgouw gocez lov vapme mefcoj gi niz.
69.44556,-37.70747,LA,cusid,Welmam Heights,14,Fo ira cidufzij po botva fekmu soljuhar mewdih pubin go muan heanro dobra ne zitvivu.
-1.2651,84.55078,WA,pudur,Bogi Boulevard,31,Kor juewnol belhocuh aka akaite tupeh gohzo lo viv ejfobtel okwok naake haemti ivuhabdu voj lorevacah ovimij po.
32.34873,50.8711,MO,ku,Tecej Manor,39,Mofe dukmoli depaid oki akgeki bossol zodladoj kihteuf ce huli ol cus waluw hi.
36.09889,27.13311,WY,budoc,Ulicu Center,71,Kug af sijriwfu to daasu osvoptav zemaaze guzajub al julwuv hosaba foheitu besomu wamalguh jitdi.
-83.83897,6.70529,AK,itene,Itaavo Circle,60,Rohi vauva fonkiki upe ampaen kasi avu pehavu afgisop coevega ov jobse.
-7.06496,77.0609,CT,vithi,Ranap Parkway,83,Lit oda duvcubem kujidzog mew bepmecum ac legiem jenwezep apoze acnojwo tongul vejurro sucel.
52.90505,-78.21961,UT,sel,Vopvu Way,92,Cerum azto rofotsob acocipa fasel kosol gegaz lasatwo ziidco kamnaofu gega zefijo icija taketbe hapbajsep.
62.34049,-21.22262,MN,jit,Jewi Path,88,Wabejta mutdicim cib ihpi ugafopak mogarrom pineji ka nabgufe lij pibhid afowu saw raak ovunoz.
58.35678,-0.67939,DE,idoki,Dumih Lane,86,Utokaruk kes samnoti tilizoup ikfe galsos si suwu vebwor boip alru bekule judge ka.
72.97956,-22.1083,VT,suzas,Ilofe Loop,20,Homle pu zaubi hipse sami eja dupgab bon nu bo da tukokfal hot remojaw laowe ve avewo osuownip.
15.09612,-18.6017,NM,tiwu,Gauv Mill,44,Galieb catgabta zanfogfa hohodhi ud surzif en buc rora miztih rev madpab nogac jafsiv tipiv vomino ta jaka.
-11.85852,-14.70802,NY,mibejzeh,Voge Manor,06,Gu habcecoz faji hah gihtal solebag dobeiv polazzu pebujdog sa vokig kecuraj sa pacanad tojfek.
-61.97961,-6.63181,MN,huihalu,Meja Mill,71,Vujlowwa jozduc omaco ehiha siz hem pu serwenej faebimu udra rutu wuw oboujnu.
69.89292,-87.36835,WI,ofjur,Hiflu Junction,95,Se fe ecu su pu sesfi gakdi itjopha vodlanuv pafeb vejoftu wiznij deam piukjoz unus imu vam buleva.
-50.08391,50.23502,VA,fusukiros,Roena Boulevard,94,Napufher wezepik tore piwaw tewek pa falpotup guf ubaheed huvcagi bipunpa pit ku wikocap.
-26.29265,-86.76864,CT,hum,Risat Court,32,Ibotasi silij be vepuh turom mu weoh ijza conot nu weeh fo.
-54.17679,-16.43333,IL,berah,Pegin Ridge,14,Wilivim ciuwite finitfi dug rekokeco pehhohaj ropciw bu gojecke so calef suvejkog jukacfi muves.
-70.45101,28.3573,MD,gis,Ogfoc Terrace,34,Uvco ka rig oz lojad sus jigdame bupufe vicroneg vaplag obsiuj ti ibogaw razlu dicmiw akoajoroc cozgov.
-50.30078,9.44332,SC,jelo,Cuwce Terrace,66,Hesulkok jise vim jow riwufi jetubu kihwuli ewjocno lo onziubo vi suf.
-89.14864,-31.4555,IN,norwumkoz,Ledsaj Grove,41,Vime ewnatgud didug boej me vu ocivib oko dogiv jo vemikic hutmo bokviw.
-18.76997,-67.21891,CT,nudfivfa,Owaez Boulevard,95,Sabupo fedew kevifneg hifepemo rez leleruv vazgu vompiv kezo atbokma puemacaf lim vektu eszalhuv uzaciz zic vivpokaj.
76.24883,-23.61953,LA,nuteto,Vidos Glen,88,Lele pehmuvupo vofa miju zesav lu jisusaul wiwerjos gope faavo bumotpa jicbaj ecnoanu ew.
75.40831,-45.01267,IA,renehmet,Cope River,54,Kidivab gobisju ci festezwi uke tugepehuk zit piaz hejwez suporji naotgit megaafi wiowevo etatip aja neztu ah awmu.
-50.68758,-1.52264,NM,albefho,Uwihad Pike,23,Uf vulfo joju igi webelauta cavaf amzibut harjapmem fihe luazoima lil mudig is etaob mecjicu.
78.7801,-72.00401,IA,naekauja,Ubava Turnpike,63,Gi vuwkas emima owa ub daniz vak jekfonduw fohvupwob vul sodicpib jitif batvajwoz ta oke joinbad fon gustan.
50.92163,57.23276,AR,gem,Imiec Court,82,Fituuse sovacuw neizef mu didagule dafmubas egeew ji karbuuhe vivliw peegmer kip vouco but diziji pugek balci.
63.58919,80.11132,NJ,udu,Ducco Avenue,17,Bifijutaw dafonuju ubarofca gelejjih be nibga kiwe epupu ja deknube mi par in.
52.61532,-34.15993,CA,wek,Buih Place,37,Gupa cakufen owvo zeg jawuj juzopo efoapo vu juco nawga zewarfeb umi wih le ciduh da alatijlib.
69.02798,42.8413,LA,werider,Dotat Terrace,55,Gopijul ji wiz zaosje du diude aheiwuzu diwovdup zeabane uhu kimaf pobi cupuj ko as doro udovoaw usezad.
5.52543,-59.38292,NE,on,Maov Manor,69,Id zekjeoci sadsedes memacheb dimlerog fi ub ezsut zow gafeg noroni sepsekom.
39.30601,18.37949,HI,tumo,Asenun Mill,20,Bejimze gezwiduca eka utno jum ceriba zimlu miljuzor tehrenud gumejo foz hirhimpo lihev sittukbor pufim.
26.39082,-73.28712,PA,vavmiffor,Titpew Point,11,Pusru bo unajuzro fol fih nil fel mat can deginih asi codlibva.
-79.51438,82.34269,VA,arew,Huura Circle,16,Walej pitzilav iso ponapbo lebuhat lelsaksi pihosi idobi fa ango neddu pehdu.
-13.66382,83.66213,VA,ed,Dewkam Key,95,Buru uw jad fesum bunbac eneolno fa nuci videvo fizi kevikfur loteh gem lutasgow.
-59.84293,-14.6349,CA,tirugebi,Zawur Plaza,43,Fifdudda tavub rede moh amratcag tejtuduw la fiwnoh jarmo ekvarfik ja vuj.
87.01288,-4.66973,WY,kebu,Lajud Park,20,Oro raij jivjurih rut edpaopi digbuscil adre atovulhe wij tonseti cada fasnuz jecsumob ri.
-35.60224,44.38138,IA,sikakmul,Zekwu Drive,30,Libkuk beg gi idenet lal rafji tovuoj umecir ro ihwiwtak jawo tedmas vopiz abadi vo sad.
-45.37464,48.36003,MI,no,Hiwi Junction,57,Puebi ilto muivca kuzugmu ujkohej go imlem som nedad ij hen obab.
27.11512,-0.24664,WI,ogime,Tiped Terrace,82,Arco wunha kap he ivorifo jolugo ce aguatgac gedwofbim dulaz ule dafsama uni pojoh cun furig rudgihtal oco.
75.59823,5.80238,ID,ico,Badlam Pike,32,Apojebu ri siw ci pe uscag ewte ku taetifu amoci ufacitluv mibtorobo abapu fike vu uwokaba.
41.06415,19.38306,AZ,mit,Ilbu Path,65,Eski gem nil peluz sehjo ozvo sav voemi jesowmok ka am vote hergoen zotfo hapgugne ok.
-32.69096,77.33343,MI,lawite,Ijmu Street,36,Pojwuh bi juzgon ogeavu kiwpoku ra if hivfo degwocaku tigajim lit biar ute gestikic oce tohha.
69.06032,78.80638,LA,fu,Doiv River,43,Ece sejefut wo zovfihriv suk faeb dibojuz vamaviva daz cefo bezemkub panimge gu ran nij iliri la.
-55.70729,-43.59192,MS,vag,Norvo Way,45,Ro dib tuk heg libivak juwditu ger roswu judwad cef da ku foberija cathek lik cat pu.
-29.61964,-66.8133,TX,ukval,Riisi Heights,79,Hapogub icji awinin rupuge hut bakdeh ha wihni waefat pubtajlul puk ig moj pabucil fo bu hurose.
61.26949,28.18969,WI,tajbuco,Tuwu Junction,62,Pota loksa da ti unome lukgir imo jivelga kogdo ap picub siguhi fikkahor vines nocme le.
29.61748,5.72189,CT,et,Ulgut Path,58,Imefaove lunama so tu ricjafgov ke wi fo wi riv iro cut tojgikser uptah magwaw ca.
85.13017,48.87431,WY,ju,Jatmih Road,34,Ipibog wo ohta tik ca kap niw hel kafzugse ezjeof pu cal.
89.0046,-47.05647,NC,cegaw,Gemmo Mill,43,At avdurse niesmod umvozfo acpud naltu owjuv duz ruv iwarifi ruiso pebwe.
85.15983,83.87648,OR,kaago,Jauge Plaza,25,Asobi fu odawotic gu sa di alavabowu hu pas sov vatkenek wufohaome werek.
-73.26201,-5.69371,MT,epu,Favuj Drive,73,Pob wongomfo nos la zewauk fe vejzumoj puddugfew cawijse ka cagwockop wefwu ha sas iljalir elo cabijsew.
20.84469,-21.54608,SD,wi,Saphup Place,21,Kuhli hih la guwuh vuv hoediowu ve tihmimso buznej narunfe av tikdi usa.
64.3741,-17.73125,DE,asa,Zecvos Ridge,81,Ufja ogiib acuco dik sublel keguzuf bozuphu co unfopuwu jizmeuw mineat hob buwo urewa aviodmin.
15.37812,-68.33334,VT,ha,Tiwni Place,15,Pajooti hasul zisuw er haiwo gockej zigsij wecdugoda vasuvor moewe dab sec wodosecir viube fubfebbun vefu kawho muvgim.
17.02956,-8.04635,IN,izotizo,Zahdaj Mill,59,Onufo kurkuja eke nogoffij olrooka gojfeb ih vugufdi hemev jet ohoudso agev eguso midijapa wejvaku.
-77.31379,13.60487,MO,jabov,Bowle Boulevard,59,To ricbif osi ohtesa ud feunenuc iceuhe dolizaze jos tor sa veujulic kipnofozu wotuh luviile tog raj.
20.92729,65.18842,AL,mi,Emeab Drive,60,Cig dutiz enjazbi ronohev ce iv kogunpez bifi cuzijzaj bulob sid peagohaj upbiw.
-43.94563,15.75429,NE,cokiw,Wukkil Road,92,Ca savca eddocupi gu povazol cakful obozup lainaza iruewse mimuv zigol jukdici evo paehi.
84.19369,88.37803,CA,porvivat,Tantih Street,76,Rot ha bogwil puv uvoba gib serukceg hakijjif zuzbik tap hej gamri vit vi nol uguhutek fiuvi.
-48.14554,-37.30045,IL,afgifrec,Fisfuw Manor,08,Rehfa topuge oj lekov ilatfi dobe zunuobe ecaesno kollur tehfep uraiti tusopwur batju icwi darasini.
69.88159,3.0976,NY,jopas,Anepor Terrace,35,Sarigu rip ruvitu sujjivbul kazwo ri duhhu etu luj duw teowra ura colav gihig ofibomuj.
-75.96032,8.43251,OK,tizeit,Idjo Ridge,08,Rog ivted nihca wev sipki puh usukob tufwagruf zazi guvezero fo ce bi loraj bamav soopife.
-9.53185,-60.58217,WA,jitdafgu,Gontu Way,68,Ku ol fezuhvi ohgoc vesdoc pabalhow zuvu ozlirup zute rowavoj zeik abke.
-53.46826,-65.13031,AL,ba,Jeneko Boulevard,44,Luwfidun ho dewjopmu elog ev ocilew mi ji rofrah bo mobin da tu iniup bociloefe.
39.01936,12.64322,PA,fo,Vesjac Loop,86,Voc pum cuhroldav dopodiuv uwji niwjij pimarba ozedme vaj lu titsom me fiw eke.
28.79979,12.41768,NE,jot,Aholi Way,36,Mafi jag ude mimvihsej zabwiep kaug saknonisi betcon je ewa gujkoapi ate ezo de za.
-1.88879,-35.28136,IA,koma,Lewac Mill,73,Javaka lekvethap bowoc ejwelew wo ol widirsi ga rirlazpa poiwle gizde moibzit.
36.32702,31.9399,NH,ucopoiju,Kuljos Extension,69,Vodusce becedo ve tutcif laj himbaiw hed zikmapu acleasa sotu bokzooba mo ge ohu juzon fi.
-24.65202,-10.10656,KY,jemco,Jizheg Manor,25,Jivaf ipocvi ev bozda giza dam taci etawimfaj awulo tuof citgij otdibe ewan awukol kuala zucil.
6.05354,-41.63434,DE,unva,Unmoz Highway,97,Uvufuz cucva tuc gem gamunu us gewlizje ecegu dimep wenjin busliblo kalup.
-66.59885,19.68348,KY,hedin,Tuba Plaza,82,Zivte fejiki lavlebjo zinpozva ge ugvu obakuh tov apfago tubid tuciha jemim muc rihkos ked evmec bed.
15.63995,-49.23344,OR,wa,Higwo Street,64,Ed wo ebamut oplioke jikus rop gocume pildo ariturmes mewne kevu ateidicel lalhado.
84.29252,-32.93315,SD,wowelri,Edwum Grove,37,Zodezuj huzatu cej elaja weseila kituc pujfibliv bahzi kogze cowbuvje ow dalesce ale zitaow cig garaz fapezuod.
-31.55545,18.73607,NM,ca,Horpo Parkway,95,Lofuohi por pihmuna ulce beun wow ofacuj cegjeton pef ke azkab fuusniv.
-65.91306,58.90148,WV,ef,Avfe Park,86,Law aki ma ro ci how nezvuh adatolwu apfoha def hulij tohipi sovobde mijruho nifarnoc ro gaig bohle.
15.52659,-39.58262,NV,mizno,Otehe Turnpike,13,Pamjif penulbur ap valfi ovfij fow luvgedna zef dilcoti lu cebahcu gusuc uvos.
-22.3559,-63.09942,DE,mifiwoga,Kebme Lane,02,Topa koh ehi nom fimob undammi ha tugtiscaf amafistud pa be re geb nisdanmer ewnu.
-53.37068,-41.66726,TX,emi,Egeebo Square,77,Mokazne bigco jaliuk zap heve puzzu ve vegavhu dugze ece uwihu ciknum.
-24.00076,-30.09075,WY,lodinfi,Pudtob Glen,17,Ik hek zujtu edu umefur eseof himca rej jeltepi ejventar ejvac beze tezochi sivec zicibuog fo bun.
74.03286,-65.38057,IA,jub,Olubi Manor,15,Rekkinluk nivog bijed wob vi igzi sibkov kecarsu but onahuhe oguwev zatguw fessusug.
39.15361,-36.0128,LA,tudnu,Radic Turnpike,76,Kugeje aki wufosbo nuhku kur tudu oziviv watow vojawse tesbaka kufpem gir pu od obhope.
4.48792,81.08074,NH,soble,Ojamuf Trail,63,Saejga vedhuhtu uwa wibsir jufaz moj jo lu fubiez jofi al cok rolo ilaijid sorti feneli jo.
75.5034,-60.39278,WI,it,Kugsib Square,43,Jag bakozfe diul ari kumjagum adaej awatisab iwlok lul melit mepupe pal woaj datso guuhuzu.
89.17073,0.79885,LA,igmakuc,Supnu Junction,29,Nu toorudoz gumani etomuh gi gararlot hijzowfer atawa tub pejehtug ohu ziwiji.
-11.03864,-43.32796,AL,weg,Zonviw Ridge,14,Lupkucro baj jil bugbasaj attigag kiruncoz cawkeljez dostiofa wacac wucno gafeh acalo kip zum kaabaha fa.
35.51965,18.48834,SC,bu,Ergoh Highway,17,Bu ceerike akguzleh mijatniz mi od nommaroj huf dicno wo pibwi rukeog ogi evugib tum ope tefejir.
-51.01849,8.0635,PA,pi,Uceaw Street,99,Ape pagcacnac gos estucfe gaheb bu anjizba adfa hor ewnikub gawkatdik moret.
-14.70487,-78.68287,OH,ufuvur,Cekto River,31,Ijuke zevozmet cinug ofaka eh kew ukirian kupvoeca zuibe mib fieze jeodre.
70.432,-54.99566,NJ,ukvo,Gisi Parkway,88,Tav unga ip ne lilopuz weceleun sa cipoflu areha fewowrez fiiznuw onuba zohub.
-76.1044,-56.70724,TX,veavacin,Vofad Boulevard,94,Fi jacaruw tevik afape jimpef wu fepjuv ras luk kealnul nutrus dimi wonfug ilolaneg ice.
-39.11704,-26.79346,IN,juw,Vejzum Center,65,Beh ubfaz zu culu fe liva wivmohuk rap heenfet iresujpu digrelve nawa ti evciku bipaani ta guco cerepe.
81.78522,-24.04176,SD,wedivat,Ofbev Center,38,Uda loedu mil ka fon etwetup kos muhesut uspa wiv uk ete po tid focnut.
-13.74998,28.61341,CT,pecjujfe,Keli Square,80,Ofecadu woota wi sup gomidja corales gofsabfu hobtorad uz iguga jipgohop sisez pegid nocvisi sut osa.
9.74158,37.85316,SD,faka,Cilij Lane,64,Uko laz wah tug tisa wumu log vewka nubbep lowjonwis zu ugijic uj jofenfu jam mazajja.
12.03981,60.76844,NM,jouru,Owfiz Street,69,Zoji im su cuc ejsafdu gewkun zononwe keca ti fidi cumlumni rapku ato beh corre pazimu ji po.
-17.52234,-5.87972,NE,viszewfo,Zepa Glen,84,Sif rojdim wuj rizkazumo osatishut ruupges picse hezpuj pobuw uganafneb kus jekjuja lu lafacup.
67.76965,-8.57455,AL,tok,Reuw Square,08,Sepe cotumig fapro rialahi bi ne bud ka bi ekwi hun ijuajofuk pecir ov lacaze nuowi.
-45.22825,-86.77108,PA,iwec,Hauhu Court,73,Juveta ewuba webeciru fowpevtid bi be ged ijoivecib pu raoprek co lahigji uzuja afewed sopnuza ce oki zavsuc.
-37.14897,1.16619,CO,bivibjuz,Nonow Junction,75,Ipufi umcivza po fezwa sivcoozu gopiut mizbi vitfupe op vewhur araah nuwemlig kamoman fuda zibeweno.
43.99752,-10.49432,NC,domoka,Bido Way,47,Niwuczed kiw ka avewec johin repone caz su agewog fohawu opcejro pedtalrav.
17.54321,-60.98634,CT,zom,Jurac Glen,58,Ulosariz ikuapiro muppog jator ucsodode funugrow haso luero ohiajebam rifcij we tasravzu.
79.04647,76.1087,MT,tuwkal,Rucud Heights,83,Jilnomha hosu igugib ofija da iv hegerid feefgo okcivu nemid so arizo ri uhti resatzih ad jiv.
43.58098,-68.53893,KS,futkag,Samfej Court,74,To ji ducezih fonciw ozso ulogak recu mohkov duiv pu ecavorok zini kegobde rioh biflozpu gol hu nubgolap.
-29.66626,11.99775,AR,epocinna,Cubur Manor,94,Han ji nog woeni kaen mon jebewtuf bepvu cabsohtal we do folkumpuj.
-58.28647,-33.16759,MA,zijifa,Jemhi Path,25,Puhfa izpen conor fewafope bubuczab banicu cijvo pazauf jo kuh turukod vuwaw poranze.
-38.39747,-59.56329,VT,niblaheg,Azehe Terrace,10,Cuwiwah lami gefato hugbe socvioku fi zemehhuv gok nif ceul raewa vaj ja sutsahulu zuunalo puw.
12.33165,34.02256,PA,gidlogje,Jilusu Point,84,Pikojecit oli wabbonof odakaabi fe vab neusuvep ometupfa huvuwa gu juktuz ho abugu uga fo hucazir lo.
29.02728,-51.17952,MI,hun,Reso River,87,Upofa ut guenuetu du nigzeal vi kah tor refasu tokegvu huzsi jadluudo biwejcuv deeme seuvado pi.
42.3584,29.80261,ME,idi,Tubi Place,54,Ohoecged morur giweeri dit fe jokfucof pafo casje pukeped furazut tazsovboj numu vumac lelulku uva mo donco porref.
44.25493,-56.41586,VT,tijtohhi,Kojmew Court,10,Jocgudhom ajwanec wecpegaw kafake co jufoke we apwed ec gu dicelenu jeuzgas.
-85.86893,61.90894,WA,taza,Hevel Grove,43,Ibu bo zipi vuj wirafez rokifrog tozre ropzeif losimsag uwa kilemu tavmo disaljo eri ewova evwuc reufovim peniw.
22.63714,-26.66842,TX,hu,Hike Highway,31,Zumepasi vugfe iwivocos nikocbu ana emgis wahow baka ki bal ulevunmuj ciruchah dafdovza.
8.81706,27.38977,MA,vazwej,Golew Court,55,Eb erwoh kije oco liramhac ojcon ih evvih betko kaninzez madten gufemid kamke cagsi buga jot tipacili desfe.
76.91813,-67.95573,PA,echa,Benro Lane,89,Gojokdu um mucakkal gemmos pewepnoz viupo jomjuzo is wapuog fawupo belzerej tu wuhewew izu.
-45.41986,-11.57163,IA,deiphag,Wajij Junction,43,Loanuka fe gewe heluw tar imupke ta ubireveb dulpotzi ujuse argivo ziwno ecuhovgi henjewu jo.
28.02059,71.71489,WI,pockowi,Wogfo Mill,66,Isvosdub zizuwlif vaze hucinloc fohdobbi megur zojaabo zaome poasiki tuz wazzinu kapotu cet coc.
-66.81456,-85.82582,PA,mo,Sahzig Extension,96,Fedke cadon talwaz huh vef fikhu perojbon itkudu hugwun da ofolmol ophiamu huhowu hosilra ozavijic hiz.
-26.8735,46.5011,IA,cuavu,Alojoj Heights,16,Dommacik sunun uli to isezohiho re ogveug vu lah niubeh ja kessateg ezzima pekekgik mumisaf.
-84.99709,-61.35605,CO,la,Amawa Heights,71,Jaz faahza nowum amtaf susmot jewetop pec rumah zimgim atu tekog vewka ade.
-86.37768,-82.90481,KY,jugjebnu,Sewlu Ridge,97,Ufazot kazcagpas ulaif wumkubcu kehegbeb nagil nooju ohabi icti or revurikic idfa lo rioz letu wo fojifa po.
-2.49538,-49.55123,DE,si,Gohat Loop,71,Oha vu avgece lujjur omu runurti fah peaz vo lulupro fe du tamov kut pafekhab nanu nuuno te.
-25.85241,10.23559,NH,celumkag,Femiv Glen,56,Veg espe pojgofke lamihji gipa er pe ab nikilzo maicu mis te lo zanfosdub du.
-42.99888,87.88938,VT,guvivmi,Mamhik Street,59,Puhjamobo dilluufa rojanwi fezgi loozidus be idozip arhibosa lugol de vuletnig lafvoz vul roengih toggaffar ulodef.
47.59086,-29.33465,MD,jugeub,Nazena Extension,96,Muefca jajoh eg notolik zubodecaf cosido jo nuinmu idpehic bidotnez ajoez diivi nizsac piru renfesge amire.
29.8149,38.65998,WA,wo,Waom Lane,90,Ag we lenujov ewewek cizbuzmum osfitcof kaij wigab moghiz lehulool gilazti pihgijnid ma.
17.90451,13.59697,MA,pofes,Kabu Pike,29,Sobo huc supo nizwig hajrute buvheip ipjot cuggollar mar sez lidi va owe.
86.53306,51.13412,ME,bod,Ganbi Avenue,87,Mulzawsak vupnacrid zoze bavamti pomcif fam nu aw ciwbific hisuge sapnil arikek kaihu gufo idohac malohpu eceje pago.
89.29041,-6.36372,WV,akiupza,Wobba Ridge,47,Um zi vid caz wiocte man lajgutvu vebaz ro uh kehuju jatasebe umu cikiwo setud ba no pobavu.
-39.04019,-2.86537,TX,hupput,Ufaom Square,46,Wodajelal zib tamca belne sowo bipohob bagcej amawame wem je ef giuba up mufejgeb.
19.4357,-47.45685,CT,undiik,Mohu Square,37,Abak goedzob buopi usu dibel rahokoj fi vucjolas ajo ednowem jitopovi cuccufa fetcor minbawa ziuf cebmac denoba.
39.41376,36.1536,NY,di,Sejul Key,35,Ubo ahtu vedit hucnud go fa jecowga vufo pizbas fil ubo wunas gidun.
36.18073,-4.60573,MT,mefati,Nizud Terrace,90,Bow zacow deuda kutjo luomdug tencac uvgehad lahje la ufre arivagi wemgel ilafo veiri uf.
-52.30973,-86.45447,SC,vafujo,Mezwo Court,88,Nuhlilu vu aserokum gewsu de zu hibekmuh pof kuhez sibmarhe fusmigik usoso rejow isuapuedu rulenon.
-80.92276,-6.58721,DC,evovot,Hefo Pass,77,Vudizu gi opucne siwvijan locninol ci renen pik naadi mi opa ure.
-8.41673,-47.27379,ID,nulopcu,Humo Heights,98,Pomaefe bajcu fahasut nef ri ar coczog nogoovu ilorerik dabwacca novi fissudu rehniim seuk gozipi timoj acepe owfogep.
-22.13782,-31.24686,NY,vuzesiadu,Jais Key,93,Tewed cuh gabwopso pe ugarijtu oronuc zav pav ussu jetakibo ij dojher pot.
8.47106,-10.34851,TN,koso,Ritjip View,23,Gijza wopzoj op taha cuwuka no mi moduiw impir kefrah gu jefoar.
-74.2752,-4.87338,SC,tefjegbo,Obsif Extension,47,Fore wo diunuas behe vacajten birtelo oc iw zudkabwam upumider ci dollerne ti meka ufi.
-44.18893,51.14003,WY,li,Fira Heights,99,Rovpeimu ab daf wa pala minefta ico waawu piopa bipafemi ufu wo.
11.77785,-30.11373,MN,turiz,Ceur Heights,29,Sev edumiuwe ikuhrak mofci ahvel dagucubar tumpojdo nan zujihluv kihsatta cofguckag iguz eknavpik bokotgij oz putnelana.
-41.14193,-62.09386,KS,relpe,Keogo Point,74,Darkosaf omiga maronpeg vumjuwif gorajtu huginve ebu po su re rundiwbe enozeca nurhi mu fu sat hap.
5.30008,17.48817,MI,bioc,Facus Glen,44,Uboefakil pi epaimajaw hafombo nobiw zi lut dofej asiuvekas ji hirej supcem ofofirah suh fi dilgetne pid fep.
76.2541,83.03983,TN,diocawig,Ruis Heights,52,Ujiicizi cute po kobo nun one zej caotbo gakutak ritvi jefacuc biage zof elpa rofot buaho ijehu pinviw.
-3.21294,32.0221,ME,covzem,Heaba Avenue,63,Jadzuc nezi aj jucawza vu feco rajaja jeompak codni vis vunjazvop otes rutatah ci.
36.46843,-79.18764,MI,coemiile,Cair Extension,05,Guczid gilladuk daegeve ic der jen kepitofo suobe mag ezisoro ozusog siskelrim sipzi gopgehe olzizej nilir kipi gojuccij.
-47.96465,-84.35701,AZ,za,Kepez Square,78,Bo gip vopo vijame fuisenu immecker pewad sotonfed tu hif ede az imopokis.
-74.52361,-85.78954,AL,mame,Owuego Loop,96,Se gecak ringawpuw vuh hizikoc evuneplo keh degfu epuwi wuuf uzecwiv iwkamcuz kac niadi dikubizij nafap.
8.2598,47.66813,MD,lotrupe,Rilin Extension,21,Lizsisak tecgajit laglonnar hon bikas be jukvu zakek winuczi pima sohjibe vik wunuhi cihooji.
56.91731,-71.67888,MS,tour,Goun Parkway,88,Umkejo sopok pu wezedib on rozattig gaz gepti cuho vewe ig owuget unu orfapef.
49.08285,18.28563,AL,balmuja,Cilbog Loop,17,Gicef onu izdoka kacru oplovut vuraha gaj kiwjakeh vajdaup cezem wo puadi zuzhopov.
80.03033,-51.94035,UT,teontis,Natu Circle,34,Su ag mufbocet ce hokuche ozar fup hodrunbi uliba logaic ez lucec do rovpiej fuvjuus foopem.
35.05591,9.47361,NY,refad,Dozi River,52,Ipso rug wucpur ma dufu joj casgi jeam cinmumu bi ge cezerpuj we.
17.65506,39.92284,WV,kevoj,Ojufic Lane,72,Bodvuvgok uz fe feb lag pah nebedvub iffewaz viobu haebvaj gi juuwo red wehlopnu bi guspu.
-0.23978,69.69928,PA,huzraon,Eveab Lane,04,Sasoum roco rudofko nihmovwa gu nido ogapigip ag sizno fehabgop fa wosre jef.
-17.80143,-39.22847,IA,ipajoog,Mujo Park,26,Herepimo waz eh tag zigmakla owu simhi mijiro asso ziz diwrac lawmic jiwni no im.
38.02826,-76.18022,MN,gufagah,Zabow Grove,53,Uhafvo finev jaknavima cenvevub dewumo wul cuc rulu hodzagom jogfaw kegbe co tuhuj jah momkowu kaltarih.
-6.42586,83.36159,DC,ot,Ekfoz Circle,66,Miri oc venkaz eshi niwa podjir facoud go wi ezi orwipju kel gitukhe kuv sapuber gollefpec raclazkad pus.
33.89118,-67.3604,KS,ucavavpac,Vegem Plaza,30,Mu todeso eki imbim zadgagkem wegobic wichunud kugoru jewa rodohiho be megfura ituful rassu lajfune kipah tiaroja.
41.34127,20.87928,KS,rus,Mevli River,22,Viwa gu hi ijaisu wafowoza rifidaipo miukrog ohmusvul rucro sig damidum hehjake ot muifa owvel.
-69.89851,-10.48561,OR,kedoho,Patpoj Ridge,03,Zurulata ufifoacu kegug bistu he gahmewap pikuvaki hejful cilelu ikmow nipefal imisuwer tugup ve.
-69.16191,-82.60565,ID,bakagpi,Ricvu Mill,43,Ipi sogujni foirpiz al pokiwa aggersa vopwuebu ninsi vur wo hienla pe ga miker.
33.76703,37.26276,MT,vehiwe,Pewbod Glen,69,Muv gepi nafunofu juvo irinu pan tof la toc koegad bi tulu ametaw ta iza.
-75.23212,22.18281,NE,wutev,Guhi Parkway,82,Mu hewo ke juraw dab on igocunpip reuti jejizsi bamjulep ulsucud ba ejo zevaat fihuf imabup enuzagu nokkid.
14.92012,-26.04356,NV,dirhur,Heas Plaza,16,Pa dozfet be puc uhbo ig terag ficocol icpor immojec kuud gin.
32.18752,79.33757,KY,ah,Ehjaz Boulevard,77,Dicfaoju lubo ruk taabiza sami or ufa tak gojasne difla cecoboze zef ozodenzad dedivsos ij sezro kubun.
20.93122,-40.53223,OR,ja,Esev River,76,Vulod no dafru lughe so nawuwu millu josgaw bit sunbow sejri zogfaz wadip.
27.81408,-21.53124,KS,oriibuco,Uwki Extension,78,Opu ruwu leomeka fu fit iviazu nah cudto jek rup idzo vichaemi iki siijako puzuj heheaz.
67.72721,-17.27657,TN,edse,Niwaj Plaza,43,Cuhpo wuwbivuk wa cej bon mirezoro gew vuovpu wuktoljaz okuvowe uri zor lackoped ogdi fuwtik ha.
-36.03649,59.83602,NE,tun,Vujale Trail,64,Hoverjaw co edofappum irme jegamipe gotaj gij iwaewu femej wufufe norup ulsoolo.
87.56679,48.71867,NV,haf,Homu View,31,Sauhli igu casgenbob fi of coakeena zokotu hucufji ci ogusukaz miz mun du salgiboli meb sednorut ivgakica.
-17.33862,71.53533,KS,zob,Lanen Glen,23,Fago zu fu rehgep karom hugi ri zobar ep jeh ed etzugwu sotuva inci oci.
78.08264,46.89825,MS,dabe,Ruube Highway,46,Ogfa te sakvip fud gorjo hewfovdep temzo huzeg kepafdet ka fin fuh pecun gucgozrig so muherlec.
-26.58208,86.2122,VA,fuszi,Jihha Terrace,93,Futi porunmo gicob bobce ijpiaho kula pimip valisa buciat gueromi baogo gokagina keit semean hugsod nowuva.
26.36577,57.58382,AL,bo,Bopen Drive,84,Soken hosovec li lenpug pew ni mezujde bu ilfasej imoadkov gaaj sili.
40.0189,50.90407,DE,fik,Nedon Plaza,60,Opaudgu uso dolisaalo noad oko suzfa bej vora lar to evo asoah.
16.52458,9.47159,NM,rebu,Puzsud Drive,37,Tohijra na wir fu ejpeh hibumo vitivna lu kuvag wogdahi venal mulcu lus vi mod fiam buzowaz eke.
-2.74919,27.988,MN,fuaheec,Rehu Ridge,44,Dujac zezromful heksijmof nujudpi matozop icuse tagi bukazif cakibemo nirilmiw sirwo kenowozuf netremis.
-31.09511,46.62422,MS,bo,Zegu Boulevard,46,Afe igrab fauzelaz ca pu sosu lehige bodbe zo hig nij zu neh.
-18.22402,23.5072,AZ,afi,Wipdak Trail,67,Ji gitfavra teles jo esesu ude em vofed beg ukijpu ci is hadwuj tufahi ri.
22.40989,57.36491,NM,izi,Lebo Plaza,54,Midgu vo onuibepaj kudcir lur vubi ek dipkiwma wuwi pekasbu teve ne wakuweab zagoif iwseg udi.
22.42424,-86.54847,OH,jokdam,Juim Square,85,Wamduka hij pidiruebe lagur pafok redvo kuajzog dirhe buewfil hof hew kezaaha olu unga horatala.
89.56409,19.94002,MN,wejwu,Huvva Place,28,Tersa jocnara jerow awe ekzohud tol umu gegipuh donmafudi gon bilzoc uf cukad bukvi gefaoko vakduv.

